task_id,task,subject,type,deadline,difficulty,priority,hours,completed
1.0,ML Assignment,Machine Learning,Assignment,2026-09-02,5,5,1.5,True
2.0,OT Homework,Optimization Techniques,Homework,2026-09-02,3,5,1.0,True
3.0,BDA Lab Record,Big Data Analytics,Lab,2026-09-04,4,4,1.5,False
4.0,AI Project,Artificial Intelligence,Project,2026-09-08,5,5,2.0,False
5.0,ADS Assignment,Advanced Data Structures,Assignment,2026-09-10,4,4,1.5,False
6.0,Semester Exam Revision,All Subjects,Exam,2026-10-20,5,4,1.0,False
,ot test,ot,Assessment,2026-09-01,6,7,1.5,True
,test assignment,ai,Assignment,2026-09-17,5,5,2.0,False
,test assignment,ai,Assignment,2026-09-17,5,5,2.0,False
